Type,High Answer Probability
Project,0.4377300402438745
Person in Project,0.5270940416343931
Person,0.5845653639539558
