Type,High Answer Probability
Self-use,0.6085626911314985
Recognition,0.4948217582749878
Ownership,0.7506953720266082
Motivation,0.5365853658536586
Learning,0.7033639143730887
Joy,0.7547153539195942
Importance,0.6341463414634146
Ideology,0.6066666666666667
Hostility,0.04155615500547618
Community,0.40448216915882035
Challenge,0.598159509202454
