Type,High Answer Probability
Project,0.44518030451594154
Person in Project,0.5161466877605325
Person,0.5693802088246237
