Type,High Answer Probability
Self-use,0.5579150579150579
Recognition,0.4793638093371788
Ownership,0.7304315527926353
Motivation,0.5240847784200385
Learning,0.723404255319149
Joy,0.7368427857297615
Importance,0.6293436293436293
Ideology,0.5349794238683128
Hostility,0.063906884828843
Community,0.4028825091812993
Challenge,0.6213592233009708
