,degree,Enjoyment,Challenge,Recognition,Community,Hostility,Importance,Payment,Ownership,Learning,Self-use,Ideology,Motivation,ResponseId,Q86
0,No,8.772321428571429,8.036363636363637,6.945833333333333,7.527659574468085,2.771276595744681,8.018181818181818,0.4074074074074074,9.25,9.145454545454545,7.6,7.576923076923077,7.218181818181818,56,7.218181818181818
1,Other,8.666666666666666,7.866666666666666,6.736666666666666,6.945833333333333,1.625,7.333333333333333,0.14285714285714285,8.8,8.533333333333333,8.2,8.933333333333334,7.333333333333333,15,7.333333333333333
2,Phd,9.324324324324325,9.0,7.590090090090089,7.598275862068966,2.212121212121212,8.486486486486486,0.5405405405405406,9.35135135135135,8.675675675675675,7.54054054054054,8.82857142857143,8.432432432432432,37,8.432432432432432
3,first,9.292279411764707,8.492424242424242,7.5436274509803924,7.6635135135135135,2.9655172413793105,8.659090909090908,0.48484848484848486,8.905934343434343,9.435114503816793,7.6893939393939394,7.451612903225806,8.037878787878787,136,8.037878787878787
4,second,9.114197530864198,8.735294117647058,7.35895061728395,7.432317073170732,3.0301204819277108,8.679611650485437,0.46078431372549017,8.947115384615385,9.176470588235293,7.815533980582524,7.6826923076923075,7.871287128712871,108,7.871287128712871
