,age_cat,Enjoyment,Challenge,Recognition,Community,Hostility,Importance,Payment,Ownership,Learning,Self-use,Ideology,Motivation,ResponseId,Q86
0,18-24,9.103932584269662,8.48235294117647,7.541011235955056,7.877853881278539,2.8904109589041096,8.702380952380953,0.345679012345679,8.50686274509804,9.51764705882353,8.0,7.690476190476191,7.847058823529411,89,7.847058823529411
1,25-34,9.001184834123222,8.519607843137255,7.386808846761454,7.58499079189687,3.0179558011049723,8.714285714285714,0.5192307692307693,9.023809523809524,9.285714285714286,7.5073891625615765,7.466321243523316,7.663366336633663,211,7.663366336633663
2,35-44,9.136,8.364406779661017,7.2358666666666664,7.395555555555556,2.5721649484536084,8.47107438016529,0.4083333333333333,8.981404958677686,8.890756302521009,8.083333333333334,8.066115702479339,7.966666666666667,125,7.966666666666667
3,45-54,9.570261437908496,8.104166666666666,6.784967320261437,7.110294117647059,2.513888888888889,8.333333333333334,0.5102040816326531,9.95578231292517,9.041666666666666,7.714285714285714,7.1063829787234045,8.583333333333334,52,8.583333333333334
4,55-64,9.946428571428571,9.428571428571429,7.976190476190476,8.5,1.9318181818181819,10.0,0.35714285714285715,9.875,9.142857142857142,8.5,7.857142857142857,9.0,14,9.0
5,Over 64,9.35,9.4,5.2,5.4,1.65,8.8,0.2,9.9,8.4,9.2,7.0,8.0,5,8.0
6,Under 18,8.645833333333334,8.0,6.408333333333334,6.709999999999999,2.2,6.75,0.0,8.180555555555555,8.181818181818182,9.25,7.454545454545454,7.333333333333333,12,7.333333333333333
