High Hostility,Enjoyment,Challenge,Recognition,Community,Hostility,Importance,Payment,Ownership,Learning,Self-use,Ideology,Motivation,ResponseId
False,9.037383177570094,8.320754716981131,7.420755451713396,7.521054750402577,2.6205218068535823,8.651053864168619,0.48931116389548696,8.730529595015575,9.086854460093896,7.644028103044496,7.694444444444445,7.789719626168225,428
True,9.805555555555555,9.777777777777779,8.627777777777778,9.011111111111111,9.86111111111111,10.11111111111111,0.4444444444444444,9.444444444444445,10.11111111111111,8.11111111111111,9.375,8.333333333333334,9
