,Is_male,Enjoyment,Challenge,Recognition,Community,Hostility,Importance,Payment,Ownership,Learning,Self-use,Ideology,Motivation,ResponseId,Q86
0,0.0,9.0,8.578947368421053,7.716666666666667,7.646875,3.125,8.894736842105264,0.6111111111111112,8.381578947368421,9.68421052631579,7.842105263157895,7.0,8.052631578947368,20,8.052631578947368
1,1.0,9.162732474964233,8.441964285714286,7.3332975679542205,7.576190476190476,2.755235602094241,8.642857142857142,0.44,9.056666666666667,9.161073825503356,7.819599109131403,7.678082191780822,7.926174496644295,466,7.926174496644295
