,Is_Professional,Enjoyment,Challenge,Recognition,Community,Hostility,Importance,Payment,Ownership,Learning,Self-use,Ideology,Motivation,ResponseId,Q86
0,False,8.72704081632653,8.268817204301076,6.646938775510204,6.903378378378378,2.6538461538461537,7.51063829787234,0.18085106382978725,8.826315789473684,9.202127659574469,8.347368421052632,7.947368421052632,7.595744680851064,98,7.595744680851064
1,True,9.230691056910569,8.475826972010179,7.458495934959349,7.6822695035461,2.8097014925373136,8.875634517766498,0.5037783375314862,9.088396624472573,9.181122448979592,7.720812182741117,7.543307086614173,7.979643765903308,410,7.979643765903308
