,Is_Paid,Enjoyment,Challenge,Recognition,Community,Hostility,Importance,Payment,Ownership,Learning,Self-use,Ideology,Motivation,ResponseId,Q86
0,0.0,9.21236559139785,8.137809187279151,6.902770885028949,7.111059190031153,2.817407407407407,8.084805653710248,0.0,9.06002331002331,8.968197879858657,8.751748251748252,7.717277486910994,7.586572438162544,404,7.586572438162544
1,1.0,9.217429577464788,8.734513274336283,7.425997652582159,7.96547619047619,2.7757936507936507,9.276315789473685,1.0,8.992690058479532,9.370044052863436,6.740088105726873,7.1992481203007515,8.337719298245615,284,8.337719298245615
