Type,High Answer Probability
Self-use,0.43171806167400884
Recognition,0.5219969806042843
Ownership,0.7253313625473374
Motivation,0.5833333333333334
Learning,0.7709251101321586
Joy,0.7487981385767253
Importance,0.7412280701754386
Ideology,0.4857142857142857
Hostility,0.06573635530323967
Community,0.4426498643202399
Challenge,0.6592920353982301
