Type,High Answer Probability
Project,0.49441931154445357
Person in Project,0.5306471007130308
Person,0.5819884704135806
