Type,Pearson
Project,0.2851182531069562
Person in Project,0.25501332500942486
Person,0.1468875795987748
Other,-0.1077591351993199
